<?xml version="1.0" encoding="UTF-8"?>
<metadata xml:lang="en"><Esri><CreaDate>20240307</CreaDate><CreaTime>15385800</CreaTime><ArcGISFormat>1.0</ArcGISFormat><SyncOnce>FALSE</SyncOnce><DataProperties><itemProps><itemName Sync="TRUE">CO_Geology_Polygons</itemName><imsContentType Sync="TRUE">002</imsContentType><itemSize Sync="TRUE">0.000</itemSize><itemLocation><linkage Sync="TRUE">file://\\DESKTOP-2QPI0A7\C$\GIS\CO_Geology_Polygons.shp</linkage><protocol Sync="TRUE">Local Area Network</protocol></itemLocation></itemProps><coordRef><type Sync="TRUE">Projected</type><geogcsn Sync="TRUE">GCS_WGS_1984</geogcsn><csUnits Sync="TRUE">Linear Unit: Meter (1.000000)</csUnits><projcsn Sync="TRUE">WGS_1984_Web_Mercator_Auxiliary_Sphere</projcsn><peXml Sync="TRUE">&lt;ProjectedCoordinateSystem xsi:type='typens:ProjectedCoordinateSystem' xmlns:xsi='http://www.w3.org/2001/XMLSchema-instance' xmlns:xs='http://www.w3.org/2001/XMLSchema' xmlns:typens='http://www.esri.com/schemas/ArcGIS/3.1.0'&gt;&lt;WKT&gt;PROJCS[&amp;quot;WGS_1984_Web_Mercator_Auxiliary_Sphere&amp;quot;,GEOGCS[&amp;quot;GCS_WGS_1984&amp;quot;,DATUM[&amp;quot;D_WGS_1984&amp;quot;,SPHEROID[&amp;quot;WGS_1984&amp;quot;,6378137.0,298.257223563]],PRIMEM[&amp;quot;Greenwich&amp;quot;,0.0],UNIT[&amp;quot;Degree&amp;quot;,0.0174532925199433]],PROJECTION[&amp;quot;Mercator_Auxiliary_Sphere&amp;quot;],PARAMETER[&amp;quot;False_Easting&amp;quot;,0.0],PARAMETER[&amp;quot;False_Northing&amp;quot;,0.0],PARAMETER[&amp;quot;Central_Meridian&amp;quot;,0.0],PARAMETER[&amp;quot;Standard_Parallel_1&amp;quot;,0.0],PARAMETER[&amp;quot;Auxiliary_Sphere_Type&amp;quot;,0.0],UNIT[&amp;quot;Meter&amp;quot;,1.0],AUTHORITY[&amp;quot;EPSG&amp;quot;,3857]]&lt;/WKT&gt;&lt;XOrigin&gt;-20037700&lt;/XOrigin&gt;&lt;YOrigin&gt;-30241100&lt;/YOrigin&gt;&lt;XYScale&gt;148923141.92838538&lt;/XYScale&gt;&lt;ZOrigin&gt;-100000&lt;/ZOrigin&gt;&lt;ZScale&gt;10000&lt;/ZScale&gt;&lt;MOrigin&gt;-100000&lt;/MOrigin&gt;&lt;MScale&gt;10000&lt;/MScale&gt;&lt;XYTolerance&gt;0.001&lt;/XYTolerance&gt;&lt;ZTolerance&gt;0.001&lt;/ZTolerance&gt;&lt;MTolerance&gt;0.001&lt;/MTolerance&gt;&lt;HighPrecision&gt;true&lt;/HighPrecision&gt;&lt;WKID&gt;102100&lt;/WKID&gt;&lt;LatestWKID&gt;3857&lt;/LatestWKID&gt;&lt;/ProjectedCoordinateSystem&gt;</peXml></coordRef><lineage><Process ToolSource="c:\program files\arcgis\pro\Resources\ArcToolbox\toolboxes\Data Management Tools.tbx\Merge" Date="20240307" Time="153901">Merge Quat_igneous;Quat_eolian;Quat_glacial;Quat_gravel_alluvium;Quat_landslide;Quat_Tert;Upper_Tert_igneous;Tert;Middle_Tert_igneous;Lower_Tert_Upper_Cret_igneous;Lower_Tert_Upper_Cret;Cret;Lower_Cret_Jur;Jur;Jur_Tria;Tria;Tria_Perm_Penn;Perm;Perm_Penn;Penn;Cam_igneous;Cam_Ord_Dev_Miss;PreCam_granitic_1000_MY;PreCam_granitic_1400_MY;PreCam_granitic_1700_MY;'PreCam_Uinta_Uncompahgre Fm';PreCam_metamorphic;PreCam_Archean C:\GIS\CO_Geology_Polygons.shp "ORIG_LABEL "ORIG_LABEL" true true false 2000 Text 0 0,First,#,Quat_igneous,ORIG_LABEL,0,2000,Quat_eolian,ORIG_LABEL,0,2000,Quat_glacial,ORIG_LABEL,0,2000,Quat_gravel_alluvium,ORIG_LABEL,0,2000,Quat_landslide,ORIG_LABEL,0,2000,Quat_Tert,ORIG_LABEL,0,2000,Upper_Tert_igneous,ORIG_LABEL,0,2000,Tert,ORIG_LABEL,0,2000,Middle_Tert_igneous,ORIG_LABEL,0,2000,Lower_Tert_Upper_Cret_igneous,ORIG_LABEL,0,2000,Lower_Tert_Upper_Cret,ORIG_LABEL,0,2000,Cret,ORIG_LABEL,0,2000,Lower_Cret_Jur,ORIG_LABEL,0,2000,Jur,ORIG_LABEL,0,2000,Jur_Tria,ORIG_LABEL,0,2000,Tria,ORIG_LABEL,0,2000,Tria_Perm_Penn,ORIG_LABEL,0,2000,Perm,ORIG_LABEL,0,2000,Perm_Penn,ORIG_LABEL,0,2000,Penn,ORIG_LABEL,0,2000,Cam_igneous,ORIG_LABEL,0,2000,Cam_Ord_Dev_Miss,ORIG_LABEL,0,2000,PreCam_granitic_1000_MY,ORIG_LABEL,0,2000,PreCam_granitic_1400_MY,ORIG_LABEL,0,2000,PreCam_granitic_1700_MY,ORIG_LABEL,0,2000,PreCam_Uinta_Uncompahgre Fm,ORIG_LABEL,0,2000,PreCam_metamorphic,ORIG_LABEL,0,2000,PreCam_Archean,ORIG_LABEL,0,2000;UNIT_AGE "UNIT_AGE" true true false 2000 Text 0 0,First,#,Quat_igneous,UNIT_AGE,0,2000,Quat_eolian,UNIT_AGE,0,2000,Quat_glacial,UNIT_AGE,0,2000,Quat_gravel_alluvium,UNIT_AGE,0,2000,Quat_landslide,UNIT_AGE,0,2000,Quat_Tert,UNIT_AGE,0,2000,Upper_Tert_igneous,UNIT_AGE,0,2000,Tert,UNIT_AGE,0,2000,Middle_Tert_igneous,UNIT_AGE,0,2000,Lower_Tert_Upper_Cret_igneous,UNIT_AGE,0,2000,Lower_Tert_Upper_Cret,UNIT_AGE,0,2000,Cret,UNIT_AGE,0,2000,Lower_Cret_Jur,UNIT_AGE,0,2000,Jur,UNIT_AGE,0,2000,Jur_Tria,UNIT_AGE,0,2000,Tria,UNIT_AGE,0,2000,Tria_Perm_Penn,UNIT_AGE,0,2000,Perm,UNIT_AGE,0,2000,Perm_Penn,UNIT_AGE,0,2000,Penn,UNIT_AGE,0,2000,Cam_igneous,UNIT_AGE,0,2000,Cam_Ord_Dev_Miss,UNIT_AGE,0,2000,PreCam_granitic_1000_MY,UNIT_AGE,0,2000,PreCam_granitic_1400_MY,UNIT_AGE,0,2000,PreCam_granitic_1700_MY,UNIT_AGE,0,2000,PreCam_Uinta_Uncompahgre Fm,UNIT_AGE,0,2000,PreCam_metamorphic,UNIT_AGE,0,2000,PreCam_Archean,UNIT_AGE,0,2000;ROCKTYPE1 "ROCKTYPE1" true true false 2000 Text 0 0,First,#,Quat_igneous,ROCKTYPE1,0,2000,Quat_eolian,ROCKTYPE1,0,2000,Quat_glacial,ROCKTYPE1,0,2000,Quat_gravel_alluvium,ROCKTYPE1,0,2000,Quat_landslide,ROCKTYPE1,0,2000,Quat_Tert,ROCKTYPE1,0,2000,Upper_Tert_igneous,ROCKTYPE1,0,2000,Tert,ROCKTYPE1,0,2000,Middle_Tert_igneous,ROCKTYPE1,0,2000,Lower_Tert_Upper_Cret_igneous,ROCKTYPE1,0,2000,Lower_Tert_Upper_Cret,ROCKTYPE1,0,2000,Cret,ROCKTYPE1,0,2000,Lower_Cret_Jur,ROCKTYPE1,0,2000,Jur,ROCKTYPE1,0,2000,Jur_Tria,ROCKTYPE1,0,2000,Tria,ROCKTYPE1,0,2000,Tria_Perm_Penn,ROCKTYPE1,0,2000,Perm,ROCKTYPE1,0,2000,Perm_Penn,ROCKTYPE1,0,2000,Penn,ROCKTYPE1,0,2000,Cam_igneous,ROCKTYPE1,0,2000,Cam_Ord_Dev_Miss,ROCKTYPE1,0,2000,PreCam_granitic_1000_MY,ROCKTYPE1,0,2000,PreCam_granitic_1400_MY,ROCKTYPE1,0,2000,PreCam_granitic_1700_MY,ROCKTYPE1,0,2000,PreCam_Uinta_Uncompahgre Fm,ROCKTYPE1,0,2000,PreCam_metamorphic,ROCKTYPE1,0,2000,PreCam_Archean,ROCKTYPE1,0,2000;ROCKTYPE2 "ROCKTYPE2" true true false 2000 Text 0 0,First,#,Quat_igneous,ROCKTYPE2,0,2000,Quat_eolian,ROCKTYPE2,0,2000,Quat_glacial,ROCKTYPE2,0,2000,Quat_gravel_alluvium,ROCKTYPE2,0,2000,Quat_landslide,ROCKTYPE2,0,2000,Quat_Tert,ROCKTYPE2,0,2000,Upper_Tert_igneous,ROCKTYPE2,0,2000,Tert,ROCKTYPE2,0,2000,Middle_Tert_igneous,ROCKTYPE2,0,2000,Lower_Tert_Upper_Cret_igneous,ROCKTYPE2,0,2000,Lower_Tert_Upper_Cret,ROCKTYPE2,0,2000,Cret,ROCKTYPE2,0,2000,Lower_Cret_Jur,ROCKTYPE2,0,2000,Jur,ROCKTYPE2,0,2000,Jur_Tria,ROCKTYPE2,0,2000,Tria,ROCKTYPE2,0,2000,Tria_Perm_Penn,ROCKTYPE2,0,2000,Perm,ROCKTYPE2,0,2000,Perm_Penn,ROCKTYPE2,0,2000,Penn,ROCKTYPE2,0,2000,Cam_igneous,ROCKTYPE2,0,2000,Cam_Ord_Dev_Miss,ROCKTYPE2,0,2000,PreCam_granitic_1000_MY,ROCKTYPE2,0,2000,PreCam_granitic_1400_MY,ROCKTYPE2,0,2000,PreCam_granitic_1700_MY,ROCKTYPE2,0,2000,PreCam_Uinta_Uncompahgre Fm,ROCKTYPE2,0,2000,PreCam_metamorphic,ROCKTYPE2,0,2000,PreCam_Archean,ROCKTYPE2,0,2000;UNIT_NAME "UNIT_NAME" true true false 2000 Text 0 0,First,#,Quat_igneous,UNIT_NAME,0,2000,Quat_eolian,UNIT_NAME,0,2000,Quat_glacial,UNIT_NAME,0,2000,Quat_gravel_alluvium,UNIT_NAME,0,2000,Quat_landslide,UNIT_NAME,0,2000,Quat_Tert,UNIT_NAME,0,2000,Upper_Tert_igneous,UNIT_NAME,0,2000,Tert,UNIT_NAME,0,2000,Middle_Tert_igneous,UNIT_NAME,0,2000,Lower_Tert_Upper_Cret_igneous,UNIT_NAME,0,2000,Lower_Tert_Upper_Cret,UNIT_NAME,0,2000,Cret,UNIT_NAME,0,2000,Lower_Cret_Jur,UNIT_NAME,0,2000,Jur,UNIT_NAME,0,2000,Jur_Tria,UNIT_NAME,0,2000,Tria,UNIT_NAME,0,2000,Tria_Perm_Penn,UNIT_NAME,0,2000,Perm,UNIT_NAME,0,2000,Perm_Penn,UNIT_NAME,0,2000,Penn,UNIT_NAME,0,2000,Cam_igneous,UNIT_NAME,0,2000,Cam_Ord_Dev_Miss,UNIT_NAME,0,2000,PreCam_granitic_1000_MY,UNIT_NAME,0,2000,PreCam_granitic_1400_MY,UNIT_NAME,0,2000,PreCam_granitic_1700_MY,UNIT_NAME,0,2000,PreCam_Uinta_Uncompahgre Fm,UNIT_NAME,0,2000,PreCam_metamorphic,UNIT_NAME,0,2000,PreCam_Archean,UNIT_NAME,0,2000;UNIT_DESC "UNIT_DESC" true true false 2000 Text 0 0,First,#,Quat_igneous,UNIT_DESC,0,2000,Quat_eolian,UNIT_DESC,0,2000,Quat_glacial,UNIT_DESC,0,2000,Quat_gravel_alluvium,UNIT_DESC,0,2000,Quat_landslide,UNIT_DESC,0,2000,Quat_Tert,UNIT_DESC,0,2000,Upper_Tert_igneous,UNIT_DESC,0,2000,Tert,UNIT_DESC,0,2000,Middle_Tert_igneous,UNIT_DESC,0,2000,Lower_Tert_Upper_Cret_igneous,UNIT_DESC,0,2000,Lower_Tert_Upper_Cret,UNIT_DESC,0,2000,Cret,UNIT_DESC,0,2000,Lower_Cret_Jur,UNIT_DESC,0,2000,Jur,UNIT_DESC,0,2000,Jur_Tria,UNIT_DESC,0,2000,Tria,UNIT_DESC,0,2000,Tria_Perm_Penn,UNIT_DESC,0,2000,Perm,UNIT_DESC,0,2000,Perm_Penn,UNIT_DESC,0,2000,Penn,UNIT_DESC,0,2000,Cam_igneous,UNIT_DESC,0,2000,Cam_Ord_Dev_Miss,UNIT_DESC,0,2000,PreCam_granitic_1000_MY,UNIT_DESC,0,2000,PreCam_granitic_1400_MY,UNIT_DESC,0,2000,PreCam_granitic_1700_MY,UNIT_DESC,0,2000,PreCam_Uinta_Uncompahgre Fm,UNIT_DESC,0,2000,PreCam_metamorphic,UNIT_DESC,0,2000,PreCam_Archean,UNIT_DESC,0,2000;ROCKTYPE3 "ROCKTYPE3" true true false 2000 Text 0 0,First,#,Quat_igneous,ROCKTYPE3,0,2000,Quat_eolian,ROCKTYPE3,0,2000,Quat_glacial,ROCKTYPE3,0,2000,Quat_gravel_alluvium,ROCKTYPE3,0,2000,Quat_landslide,ROCKTYPE3,0,2000,Quat_Tert,ROCKTYPE3,0,2000,Upper_Tert_igneous,ROCKTYPE3,0,2000,Tert,ROCKTYPE3,0,2000,Middle_Tert_igneous,ROCKTYPE3,0,2000,Lower_Tert_Upper_Cret_igneous,ROCKTYPE3,0,2000,Lower_Tert_Upper_Cret,ROCKTYPE3,0,2000,Cret,ROCKTYPE3,0,2000,Lower_Cret_Jur,ROCKTYPE3,0,2000,Jur,ROCKTYPE3,0,2000,Jur_Tria,ROCKTYPE3,0,2000,Tria,ROCKTYPE3,0,2000,Tria_Perm_Penn,ROCKTYPE3,0,2000,Perm,ROCKTYPE3,0,2000,Perm_Penn,ROCKTYPE3,0,2000,Penn,ROCKTYPE3,0,2000,Cam_igneous,ROCKTYPE3,0,2000,Cam_Ord_Dev_Miss,ROCKTYPE3,0,2000,PreCam_granitic_1000_MY,ROCKTYPE3,0,2000,PreCam_granitic_1400_MY,ROCKTYPE3,0,2000,PreCam_granitic_1700_MY,ROCKTYPE3,0,2000,PreCam_Uinta_Uncompahgre Fm,ROCKTYPE3,0,2000,PreCam_metamorphic,ROCKTYPE3,0,2000,PreCam_Archean,ROCKTYPE3,0,2000;SOURCE "SOURCE" true true false 2000 Text 0 0,First,#,Quat_igneous,SOURCE,0,2000,Quat_eolian,SOURCE,0,2000,Quat_glacial,SOURCE,0,2000,Quat_gravel_alluvium,SOURCE,0,2000,Quat_landslide,SOURCE,0,2000,Quat_Tert,SOURCE,0,2000,Upper_Tert_igneous,SOURCE,0,2000,Tert,SOURCE,0,2000,Middle_Tert_igneous,SOURCE,0,2000,Lower_Tert_Upper_Cret_igneous,SOURCE,0,2000,Lower_Tert_Upper_Cret,SOURCE,0,2000,Cret,SOURCE,0,2000,Lower_Cret_Jur,SOURCE,0,2000,Jur,SOURCE,0,2000,Jur_Tria,SOURCE,0,2000,Tria,SOURCE,0,2000,Tria_Perm_Penn,SOURCE,0,2000,Perm,SOURCE,0,2000,Perm_Penn,SOURCE,0,2000,Penn,SOURCE,0,2000,Cam_igneous,SOURCE,0,2000,Cam_Ord_Dev_Miss,SOURCE,0,2000,PreCam_granitic_1000_MY,SOURCE,0,2000,PreCam_granitic_1400_MY,SOURCE,0,2000,PreCam_granitic_1700_MY,SOURCE,0,2000,PreCam_Uinta_Uncompahgre Fm,SOURCE,0,2000,PreCam_metamorphic,SOURCE,0,2000,PreCam_Archean,SOURCE,0,2000;LITH "LITH" true true false 2000 Text 0 0,First,#,Quat_igneous,LITH,0,2000,Quat_eolian,LITH,0,2000,Quat_glacial,LITH,0,2000,Quat_gravel_alluvium,LITH,0,2000,Quat_landslide,LITH,0,2000,Quat_Tert,LITH,0,2000,Upper_Tert_igneous,LITH,0,2000,Tert,LITH,0,2000,Middle_Tert_igneous,LITH,0,2000,Lower_Tert_Upper_Cret_igneous,LITH,0,2000,Lower_Tert_Upper_Cret,LITH,0,2000,Cret,LITH,0,2000,Lower_Cret_Jur,LITH,0,2000,Jur,LITH,0,2000,Jur_Tria,LITH,0,2000,Tria,LITH,0,2000,Tria_Perm_Penn,LITH,0,2000,Perm,LITH,0,2000,Perm_Penn,LITH,0,2000,Penn,LITH,0,2000,Cam_igneous,LITH,0,2000,Cam_Ord_Dev_Miss,LITH,0,2000,PreCam_granitic_1000_MY,LITH,0,2000,PreCam_granitic_1400_MY,LITH,0,2000,PreCam_granitic_1700_MY,LITH,0,2000,PreCam_Uinta_Uncompahgre Fm,LITH,0,2000,PreCam_metamorphic,LITH,0,2000,PreCam_Archean,LITH,0,2000;MAX_MA "MAX_MA" true true false 8 Double 0 0,First,#,Quat_igneous,MAX_MA,-1,-1,Quat_eolian,MAX_MA,-1,-1,Quat_glacial,MAX_MA,-1,-1,Quat_gravel_alluvium,MAX_MA,-1,-1,Quat_landslide,MAX_MA,-1,-1,Quat_Tert,MAX_MA,-1,-1,Upper_Tert_igneous,MAX_MA,-1,-1,Tert,MAX_MA,-1,-1,Middle_Tert_igneous,MAX_MA,-1,-1,Lower_Tert_Upper_Cret_igneous,MAX_MA,-1,-1,Lower_Tert_Upper_Cret,MAX_MA,-1,-1,Cret,MAX_MA,-1,-1,Lower_Cret_Jur,MAX_MA,-1,-1,Jur,MAX_MA,-1,-1,Jur_Tria,MAX_MA,-1,-1,Tria,MAX_MA,-1,-1,Tria_Perm_Penn,MAX_MA,-1,-1,Perm,MAX_MA,-1,-1,Perm_Penn,MAX_MA,-1,-1,Penn,MAX_MA,-1,-1,Cam_igneous,MAX_MA,-1,-1,Cam_Ord_Dev_Miss,MAX_MA,-1,-1,PreCam_granitic_1000_MY,MAX_MA,-1,-1,PreCam_granitic_1400_MY,MAX_MA,-1,-1,PreCam_granitic_1700_MY,MAX_MA,-1,-1,PreCam_Uinta_Uncompahgre Fm,MAX_MA,-1,-1,PreCam_metamorphic,MAX_MA,-1,-1,PreCam_Archean,MAX_MA,-1,-1;MIN_MA "MIN_MA" true true false 8 Double 0 0,First,#,Quat_igneous,MIN_MA,-1,-1,Quat_eolian,MIN_MA,-1,-1,Quat_glacial,MIN_MA,-1,-1,Quat_gravel_alluvium,MIN_MA,-1,-1,Quat_landslide,MIN_MA,-1,-1,Quat_Tert,MIN_MA,-1,-1,Upper_Tert_igneous,MIN_MA,-1,-1,Tert,MIN_MA,-1,-1,Middle_Tert_igneous,MIN_MA,-1,-1,Lower_Tert_Upper_Cret_igneous,MIN_MA,-1,-1,Lower_Tert_Upper_Cret,MIN_MA,-1,-1,Cret,MIN_MA,-1,-1,Lower_Cret_Jur,MIN_MA,-1,-1,Jur,MIN_MA,-1,-1,Jur_Tria,MIN_MA,-1,-1,Tria,MIN_MA,-1,-1,Tria_Perm_Penn,MIN_MA,-1,-1,Perm,MIN_MA,-1,-1,Perm_Penn,MIN_MA,-1,-1,Penn,MIN_MA,-1,-1,Cam_igneous,MIN_MA,-1,-1,Cam_Ord_Dev_Miss,MIN_MA,-1,-1,PreCam_granitic_1000_MY,MIN_MA,-1,-1,PreCam_granitic_1400_MY,MIN_MA,-1,-1,PreCam_granitic_1700_MY,MIN_MA,-1,-1,PreCam_Uinta_Uncompahgre Fm,MIN_MA,-1,-1,PreCam_metamorphic,MIN_MA,-1,-1,PreCam_Archean,MIN_MA,-1,-1;AGE_TYPE "AGE_TYPE" true true false 2000 Text 0 0,First,#,Quat_igneous,AGE_TYPE,0,2000,Quat_eolian,AGE_TYPE,0,2000,Quat_glacial,AGE_TYPE,0,2000,Quat_gravel_alluvium,AGE_TYPE,0,2000,Quat_landslide,AGE_TYPE,0,2000,Quat_Tert,AGE_TYPE,0,2000,Upper_Tert_igneous,AGE_TYPE,0,2000,Tert,AGE_TYPE,0,2000,Middle_Tert_igneous,AGE_TYPE,0,2000,Lower_Tert_Upper_Cret_igneous,AGE_TYPE,0,2000,Lower_Tert_Upper_Cret,AGE_TYPE,0,2000,Cret,AGE_TYPE,0,2000,Lower_Cret_Jur,AGE_TYPE,0,2000,Jur,AGE_TYPE,0,2000,Jur_Tria,AGE_TYPE,0,2000,Tria,AGE_TYPE,0,2000,Tria_Perm_Penn,AGE_TYPE,0,2000,Perm,AGE_TYPE,0,2000,Perm_Penn,AGE_TYPE,0,2000,Penn,AGE_TYPE,0,2000,Cam_igneous,AGE_TYPE,0,2000,Cam_Ord_Dev_Miss,AGE_TYPE,0,2000,PreCam_granitic_1000_MY,AGE_TYPE,0,2000,PreCam_granitic_1400_MY,AGE_TYPE,0,2000,PreCam_granitic_1700_MY,AGE_TYPE,0,2000,PreCam_Uinta_Uncompahgre Fm,AGE_TYPE,0,2000,PreCam_metamorphic,AGE_TYPE,0,2000,PreCam_Archean,AGE_TYPE,0,2000;AGE_COM "AGE_COM" true true false 2000 Text 0 0,First,#,Quat_igneous,AGE_COM,0,2000,Quat_eolian,AGE_COM,0,2000,Quat_glacial,AGE_COM,0,2000,Quat_gravel_alluvium,AGE_COM,0,2000,Quat_landslide,AGE_COM,0,2000,Quat_Tert,AGE_COM,0,2000,Upper_Tert_igneous,AGE_COM,0,2000,Tert,AGE_COM,0,2000,Middle_Tert_igneous,AGE_COM,0,2000,Lower_Tert_Upper_Cret_igneous,AGE_COM,0,2000,Lower_Tert_Upper_Cret,AGE_COM,0,2000,Cret,AGE_COM,0,2000,Lower_Cret_Jur,AGE_COM,0,2000,Jur,AGE_COM,0,2000,Jur_Tria,AGE_COM,0,2000,Tria,AGE_COM,0,2000,Tria_Perm_Penn,AGE_COM,0,2000,Perm,AGE_COM,0,2000,Perm_Penn,AGE_COM,0,2000,Penn,AGE_COM,0,2000,Cam_igneous,AGE_COM,0,2000,Cam_Ord_Dev_Miss,AGE_COM,0,2000,PreCam_granitic_1000_MY,AGE_COM,0,2000,PreCam_granitic_1400_MY,AGE_COM,0,2000,PreCam_granitic_1700_MY,AGE_COM,0,2000,PreCam_Uinta_Uncompahgre Fm,AGE_COM,0,2000,PreCam_metamorphic,AGE_COM,0,2000,PreCam_Archean,AGE_COM,0,2000;SymbolID "SymbolID" true true false 20 Text 0 0,First,#,Quat_igneous,SymbolID,0,20,Quat_eolian,SymbolID,0,20,Quat_glacial,SymbolID,0,20,Quat_gravel_alluvium,SymbolID,0,20,Quat_landslide,SymbolID,0,20,Quat_Tert,SymbolID,0,20,Upper_Tert_igneous,SymbolID,0,20,Tert,SymbolID,0,20,Middle_Tert_igneous,SymbolID,0,20,Lower_Tert_Upper_Cret_igneous,SymbolID,0,20,Lower_Tert_Upper_Cret,SymbolID,0,20,Cret,SymbolID,0,20,Lower_Cret_Jur,SymbolID,0,20,Jur,SymbolID,0,20,Jur_Tria,SymbolID,0,20,Tria,SymbolID,0,20,Tria_Perm_Penn,SymbolID,0,20,Perm,SymbolID,0,20,Perm_Penn,SymbolID,0,20,Penn,SymbolID,0,20,Cam_igneous,SymbolID,0,20,Cam_Ord_Dev_Miss,SymbolID,0,20,PreCam_granitic_1000_MY,SymbolID,0,20,PreCam_granitic_1400_MY,SymbolID,0,20,PreCam_granitic_1700_MY,SymbolID,0,20,PreCam_Uinta_Uncompahgre Fm,SymbolID,0,20,PreCam_metamorphic,SymbolID,0,20,PreCam_Archean,SymbolID,0,20;SHAPE_Length "SHAPE_Length" false true true 8 Double 0 0,First,#,Quat_igneous,SHAPE_Length,-1,-1,Quat_eolian,SHAPE_Length,-1,-1,Quat_glacial,SHAPE_Length,-1,-1,Quat_gravel_alluvium,SHAPE_Length,-1,-1,Quat_landslide,SHAPE_Length,-1,-1,Quat_Tert,SHAPE_Length,-1,-1,Upper_Tert_igneous,SHAPE_Length,-1,-1,Tert,SHAPE_Length,-1,-1,Middle_Tert_igneous,SHAPE_Length,-1,-1,Lower_Tert_Upper_Cret_igneous,SHAPE_Length,-1,-1,Lower_Tert_Upper_Cret,SHAPE_Length,-1,-1,Cret,SHAPE_Length,-1,-1,Lower_Cret_Jur,SHAPE_Length,-1,-1,Jur,SHAPE_Length,-1,-1,Jur_Tria,SHAPE_Length,-1,-1,Tria,SHAPE_Length,-1,-1,Tria_Perm_Penn,SHAPE_Length,-1,-1,Perm,SHAPE_Length,-1,-1,Perm_Penn,SHAPE_Length,-1,-1,Penn,SHAPE_Length,-1,-1,Cam_igneous,SHAPE_Length,-1,-1,Cam_Ord_Dev_Miss,SHAPE_Length,-1,-1,PreCam_granitic_1000_MY,SHAPE_Length,-1,-1,PreCam_granitic_1400_MY,SHAPE_Length,-1,-1,PreCam_granitic_1700_MY,SHAPE_Length,-1,-1,PreCam_Uinta_Uncompahgre Fm,SHAPE_Length,-1,-1,PreCam_metamorphic,SHAPE_Length,-1,-1,PreCam_Archean,SHAPE_Length,-1,-1;SHAPE_Area "SHAPE_Area" false true true 8 Double 0 0,First,#,Quat_igneous,SHAPE_Area,-1,-1,Quat_eolian,SHAPE_Area,-1,-1,Quat_glacial,SHAPE_Area,-1,-1,Quat_gravel_alluvium,SHAPE_Area,-1,-1,Quat_landslide,SHAPE_Area,-1,-1,Quat_Tert,SHAPE_Area,-1,-1,Upper_Tert_igneous,SHAPE_Area,-1,-1,Tert,SHAPE_Area,-1,-1,Middle_Tert_igneous,SHAPE_Area,-1,-1,Lower_Tert_Upper_Cret_igneous,SHAPE_Area,-1,-1,Lower_Tert_Upper_Cret,SHAPE_Area,-1,-1,Cret,SHAPE_Area,-1,-1,Lower_Cret_Jur,SHAPE_Area,-1,-1,Jur,SHAPE_Area,-1,-1,Jur_Tria,SHAPE_Area,-1,-1,Tria,SHAPE_Area,-1,-1,Tria_Perm_Penn,SHAPE_Area,-1,-1,Perm,SHAPE_Area,-1,-1,Perm_Penn,SHAPE_Area,-1,-1,Penn,SHAPE_Area,-1,-1,Cam_igneous,SHAPE_Area,-1,-1,Cam_Ord_Dev_Miss,SHAPE_Area,-1,-1,PreCam_granitic_1000_MY,SHAPE_Area,-1,-1,PreCam_granitic_1400_MY,SHAPE_Area,-1,-1,PreCam_granitic_1700_MY,SHAPE_Area,-1,-1,PreCam_Uinta_Uncompahgre Fm,SHAPE_Area,-1,-1,PreCam_metamorphic,SHAPE_Area,-1,-1,PreCam_Archean,SHAPE_Area,-1,-1" ADD_SOURCE_INFO</Process></lineage></DataProperties><SyncDate>20240307</SyncDate><SyncTime>15385800</SyncTime><ModDate>20240307</ModDate><ModTime>15385800</ModTime></Esri><dataIdInfo><envirDesc Sync="TRUE">Microsoft Windows 10 Version 10.0 (Build 22631) ; Esri ArcGIS 13.1.0.41833</envirDesc><dataLang><languageCode value="eng" Sync="TRUE"></languageCode><countryCode value="USA" Sync="TRUE"></countryCode></dataLang><idCitation><resTitle Sync="TRUE">CO_Geology_Polygons</resTitle><presForm><PresFormCd value="005" Sync="TRUE"></PresFormCd></presForm></idCitation><spatRpType><SpatRepTypCd value="001" Sync="TRUE"></SpatRepTypCd></spatRpType></dataIdInfo><mdLang><languageCode value="eng" Sync="TRUE"></languageCode><countryCode value="USA" Sync="TRUE"></countryCode></mdLang><mdChar><CharSetCd value="004" Sync="TRUE"></CharSetCd></mdChar><distInfo><distFormat><formatName Sync="TRUE">Shapefile</formatName></distFormat><distTranOps><transSize Sync="TRUE">0.000</transSize></distTranOps></distInfo><mdHrLv><ScopeCd value="005" Sync="TRUE"></ScopeCd></mdHrLv><mdHrLvName Sync="TRUE">dataset</mdHrLvName><refSysInfo><RefSystem><refSysID><identCode code="3857" Sync="TRUE"></identCode><idCodeSpace Sync="TRUE">EPSG</idCodeSpace><idVersion Sync="TRUE">6.18.3(9.3.1.2)</idVersion></refSysID></RefSystem></refSysInfo><spatRepInfo><VectSpatRep><geometObjs Name="CO_Geology_Polygons"><geoObjTyp><GeoObjTypCd value="002" Sync="TRUE"></GeoObjTypCd></geoObjTyp><geoObjCnt Sync="TRUE">0</geoObjCnt></geometObjs><topLvl><TopoLevCd value="001" Sync="TRUE"></TopoLevCd></topLvl></VectSpatRep></spatRepInfo><spdoinfo><ptvctinf><esriterm Name="CO_Geology_Polygons"><efeatyp Sync="TRUE">Simple</efeatyp><efeageom code="4" Sync="TRUE"></efeageom><esritopo Sync="TRUE">FALSE</esritopo><efeacnt Sync="TRUE">0</efeacnt><spindex Sync="TRUE">FALSE</spindex><linrefer Sync="TRUE">FALSE</linrefer></esriterm></ptvctinf></spdoinfo><eainfo><detailed Name="CO_Geology_Polygons"><enttyp><enttypl Sync="TRUE">CO_Geology_Polygons</enttypl><enttypt Sync="TRUE">Feature Class</enttypt><enttypc Sync="TRUE">0</enttypc></enttyp><attr><attrlabl Sync="TRUE">FID</attrlabl><attalias Sync="TRUE">FID</attalias><attrtype Sync="TRUE">OID</attrtype><attwidth Sync="TRUE">4</attwidth><atprecis Sync="TRUE">0</atprecis><attscale Sync="TRUE">0</attscale><attrdef Sync="TRUE">Internal feature number.</attrdef><attrdefs Sync="TRUE">Esri</attrdefs><attrdomv><udom Sync="TRUE">Sequential unique whole numbers that are automatically generated.</udom></attrdomv></attr><attr><attrlabl Sync="TRUE">Shape</attrlabl><attalias Sync="TRUE">Shape</attalias><attrtype Sync="TRUE">Geometry</attrtype><attwidth Sync="TRUE">0</attwidth><atprecis Sync="TRUE">0</atprecis><attscale Sync="TRUE">0</attscale><attrdef Sync="TRUE">Feature geometry.</attrdef><attrdefs Sync="TRUE">Esri</attrdefs><attrdomv><udom Sync="TRUE">Coordinates defining the features.</udom></attrdomv></attr><attr><attrlabl Sync="TRUE">ORIG_LABEL</attrlabl><attalias Sync="TRUE">ORIG_LABEL</attalias><attrtype Sync="TRUE">String</attrtype><attwidth Sync="TRUE">254</attwidth><atprecis Sync="TRUE">0</atprecis><attscale Sync="TRUE">0</attscale></attr><attr><attrlabl Sync="TRUE">UNIT_AGE</attrlabl><attalias Sync="TRUE">UNIT_AGE</attalias><attrtype Sync="TRUE">String</attrtype><attwidth Sync="TRUE">254</attwidth><atprecis Sync="TRUE">0</atprecis><attscale Sync="TRUE">0</attscale></attr><attr><attrlabl Sync="TRUE">ROCKTYPE1</attrlabl><attalias Sync="TRUE">ROCKTYPE1</attalias><attrtype Sync="TRUE">String</attrtype><attwidth Sync="TRUE">254</attwidth><atprecis Sync="TRUE">0</atprecis><attscale Sync="TRUE">0</attscale></attr><attr><attrlabl Sync="TRUE">ROCKTYPE2</attrlabl><attalias Sync="TRUE">ROCKTYPE2</attalias><attrtype Sync="TRUE">String</attrtype><attwidth Sync="TRUE">254</attwidth><atprecis Sync="TRUE">0</atprecis><attscale Sync="TRUE">0</attscale></attr><attr><attrlabl Sync="TRUE">UNIT_NAME</attrlabl><attalias Sync="TRUE">UNIT_NAME</attalias><attrtype Sync="TRUE">String</attrtype><attwidth Sync="TRUE">254</attwidth><atprecis Sync="TRUE">0</atprecis><attscale Sync="TRUE">0</attscale></attr><attr><attrlabl Sync="TRUE">UNIT_DESC</attrlabl><attalias Sync="TRUE">UNIT_DESC</attalias><attrtype Sync="TRUE">String</attrtype><attwidth Sync="TRUE">254</attwidth><atprecis Sync="TRUE">0</atprecis><attscale Sync="TRUE">0</attscale></attr><attr><attrlabl Sync="TRUE">ROCKTYPE3</attrlabl><attalias Sync="TRUE">ROCKTYPE3</attalias><attrtype Sync="TRUE">String</attrtype><attwidth Sync="TRUE">254</attwidth><atprecis Sync="TRUE">0</atprecis><attscale Sync="TRUE">0</attscale></attr><attr><attrlabl Sync="TRUE">SOURCE</attrlabl><attalias Sync="TRUE">SOURCE</attalias><attrtype Sync="TRUE">String</attrtype><attwidth Sync="TRUE">254</attwidth><atprecis Sync="TRUE">0</atprecis><attscale Sync="TRUE">0</attscale></attr><attr><attrlabl Sync="TRUE">LITH</attrlabl><attalias Sync="TRUE">LITH</attalias><attrtype Sync="TRUE">String</attrtype><attwidth Sync="TRUE">254</attwidth><atprecis Sync="TRUE">0</atprecis><attscale Sync="TRUE">0</attscale></attr><attr><attrlabl Sync="TRUE">MAX_MA</attrlabl><attalias Sync="TRUE">MAX_MA</attalias><attrtype Sync="TRUE">Double</attrtype><attwidth Sync="TRUE">19</attwidth><atprecis Sync="TRUE">0</atprecis><attscale Sync="TRUE">0</attscale></attr><attr><attrlabl Sync="TRUE">MIN_MA</attrlabl><attalias Sync="TRUE">MIN_MA</attalias><attrtype Sync="TRUE">Double</attrtype><attwidth Sync="TRUE">19</attwidth><atprecis Sync="TRUE">0</atprecis><attscale Sync="TRUE">0</attscale></attr><attr><attrlabl Sync="TRUE">AGE_TYPE</attrlabl><attalias Sync="TRUE">AGE_TYPE</attalias><attrtype Sync="TRUE">String</attrtype><attwidth Sync="TRUE">254</attwidth><atprecis Sync="TRUE">0</atprecis><attscale Sync="TRUE">0</attscale></attr><attr><attrlabl Sync="TRUE">AGE_COM</attrlabl><attalias Sync="TRUE">AGE_COM</attalias><attrtype Sync="TRUE">String</attrtype><attwidth Sync="TRUE">254</attwidth><atprecis Sync="TRUE">0</atprecis><attscale Sync="TRUE">0</attscale></attr><attr><attrlabl Sync="TRUE">SymbolID</attrlabl><attalias Sync="TRUE">SymbolID</attalias><attrtype Sync="TRUE">String</attrtype><attwidth Sync="TRUE">20</attwidth><atprecis Sync="TRUE">0</atprecis><attscale Sync="TRUE">0</attscale></attr><attr><attrlabl Sync="TRUE">SHAPE_Leng</attrlabl><attalias Sync="TRUE">SHAPE_Leng</attalias><attrtype Sync="TRUE">Double</attrtype><attwidth Sync="TRUE">19</attwidth><atprecis Sync="TRUE">0</atprecis><attscale Sync="TRUE">0</attscale></attr><attr><attrlabl Sync="TRUE">SHAPE_Area</attrlabl><attalias Sync="TRUE">SHAPE_Area</attalias><attrtype Sync="TRUE">Double</attrtype><attwidth Sync="TRUE">19</attwidth><atprecis Sync="TRUE">0</atprecis><attscale Sync="TRUE">0</attscale><attrdef Sync="TRUE">Area of feature in internal units squared.</attrdef><attrdefs Sync="TRUE">Esri</attrdefs><attrdomv><udom Sync="TRUE">Positive real numbers that are automatically generated.</udom></attrdomv></attr><attr><attrlabl Sync="TRUE">MERGE_SRC</attrlabl><attalias Sync="TRUE">MERGE_SRC</attalias><attrtype Sync="TRUE">String</attrtype><attwidth Sync="TRUE">254</attwidth><atprecis Sync="TRUE">0</atprecis><attscale Sync="TRUE">0</attscale></attr></detailed></eainfo><mdDateSt Sync="TRUE">20240307</mdDateSt></metadata>
